Cliente,ID_Cliente
Dra. Rafaela Azevedo,1
Diogo Aragão,2
Srta. Maria Vitória Azevedo,3
Valentina Ribeiro,4
Otávio Nunes,5
Maria Eduarda Pires,6
Valentina Aragão,7
João Gabriel Pereira,8
Sr. Paulo Teixeira,9
Isabella Melo,10
Diogo Nascimento,11
Srta. Luiza Farias,12
Letícia da Costa,13
Dr. Vinicius Pereira,14
Eloah Cardoso,15
Dr. Alexandre Barbosa,16
Clarice Silveira,17
Dra. Stella Ramos,18
Bianca da Rosa,19
Sr. Vitor Hugo Silveira,20
Ana Julia da Cruz,21
Srta. Bianca Campos,22
Otávio Dias,23
Dr. Heitor Pinto,24
Rodrigo Moura,25
Alícia da Costa,26
Eduarda Moraes,27
Maria Alice Ferreira,28
Sophie Caldeira,29
Dr. Danilo Nunes,30
Sra. Camila Porto,31
Maria Clara Vieira,32
Dra. Mirella Campos,33
Ana Luiza Silva,34
Yago Almeida,35
Arthur Duarte,36
Bruno Oliveira,37
Bryan da Cunha,38
João Lima,39
Dr. Caio Almeida,40
Ana Lívia Ferreira,41
Rafael Azevedo,42
Sophia Fernandes,43
Rafael Mendes,44
Davi Lucas Silva,45
Alana Freitas,46
Lívia da Cunha,47
Mariana Santos,48
Nina da Costa,49
Srta. Sophia Martins,50
Marina Cavalcanti,51
Brenda Freitas,52
Dra. Luiza Pinto,53
Vicente Melo,54
Vicente da Costa,55
Thiago da Costa,56
Felipe Cardoso,57
Gabriela Nascimento,58
João Gabriel Cunha,59
Kevin Pereira,60
Nathan Nascimento,61
Leonardo Pires,62
Caio Rezende,63
Francisco Fernandes,64
Kamilly Moraes,65
Bárbara Teixeira,66
Dr. Luiz Gustavo Fernandes,67
Caio Costa,68
Milena Teixeira,69
Otávio Ramos,70
Alícia Monteiro,71
Sr. Cauê Ramos,72
Dra. Sabrina Pereira,73
Lorenzo Fernandes,74
Dr. Luigi Fogaça,75
Rafael Nogueira,76
Mariane Castro,77
João Guilherme Farias,78
Yago da Rocha,79
Gustavo Henrique Peixoto,80
Bruno Nogueira,81
João Lucas da Conceição,82
Paulo Santos,83
Igor Cavalcanti,84
Alexia Fernandes,85
Marcela Almeida,86
Gabrielly da Cunha,87
Pietro Nogueira,88
Maria Fernanda Barros,89
Srta. Isis Gonçalves,90
Isaac Correia,91
Dr. Danilo Pires,92
Juliana Nascimento,93
Srta. Sophia Rodrigues,94
Lucas Gabriel das Neves,95
Daniel Vieira,96
Joana da Cunha,97
Eloah Costela,98
Rafael Costela,99
João Lucas Cardoso,100
Alice Costa,101
João Vitor Ferreira,102
Maria Cecília Viana,103
Mariana Peixoto,104
Bárbara Cunha,105
Stella Souza,106
Francisco da Cunha,107
Davi Luiz da Costa,108
Sr. Marcelo Almeida,109
João Pedro Nogueira,110
Srta. Gabrielly Fernandes,111
Francisco Cavalcanti,112
Daniel da Mata,113
Anthony Araújo,114
Benjamin Freitas,115
Isis Alves,116
Rafael Souza,117
Thomas Moura,118
Benício Oliveira,119
João Vitor da Rosa,120
Olivia Cunha,121
Dr. Rafael Alves,122
Ana Rezende,123
Sr. Noah Ferreira,124
Clara da Costa,125
Daniel Peixoto,126
Fernanda Santos,127
Luna Teixeira,128
Agatha Silveira,129
Bryan da Costa,130
Fernanda Moura,131
Ana Carolina Moraes,132
Vitor Oliveira,133
Rafaela Castro,134
Davi Luiz Nunes,135
Joana Aragão,136
Levi Gonçalves,137
Yago Melo,138
Pietra Jesus,139
Júlia Fogaça,140
Juan Teixeira,141
Ana Clara Ferreira,142
Sophia Pereira,143
Heitor Araújo,144
Lívia Moreira,145
Kaique da Mota,146
Evelyn Correia,147
Maria Julia Novaes,148
Srta. Laís Castro,149
